{"text": " Hello my name is Jeet Gorsh and this is my sample audio tools.", "segments": [{"id": 0, "seek": 0, "start": 0.0, "end": 4.0, "text": " Hello my name is Jeet Gorsh and this is my sample audio tools.", "tokens": [50364, 2425, 452, 1315, 307, 2588, 302, 460, 830, 71, 293, 341, 307, 452, 6889, 6278, 3873, 13, 50564], "temperature": 0.0, "avg_logprob": -0.6170017719268799, "compression_ratio": 0.9393939393939394, "no_speech_prob": 0.05509011074900627}], "language": "en"}